"ID","Name","RA","DEC","Obj. Type","Repeater of Primary Burst","DM","DM-Err","DM-Units","Gal. DM Limit","Gal. DM Model","Barycentric Datetime","Redshift","Host Name","Host Redshift","Reporting Group/s","Discovery Data Source/s","Classifying Group/s","Associated Group/s","Disc. Internal Name","Disc. Instrument/s","Class. Instrument/s","TNS AT","Public","End Prop. Period","Discovery Mag/Flux","Discovery Filter","Discovery Date (UT)","Sender","Remarks","Ext. catalog/s"
"75807","FRB 20210117A","22:39:36.000","-16:11:25.20","FRB","","730","1","pc/cc","34.4","NE2001","","","","","CRAFT","CRAFT","","CRAFT","FRB210117","","","1","1","","0","Other-","2021-01-17 07:51:21.277","Kumar","",""
"66119","FRB 20200906A","03:35:00.000","-14:04:00.00","FRB","","577.8","0.2","pc/cc","36","NE2001","","","","","CRAFT","CRAFT","","CRAFT","FRB200906","","","1","1","","0","Other-","2020-09-06 21:40:50.923","Shannon","",""
"65101","FRB 20200627A","21:47:00.000","-39:28:60.00","FRB","","294","1","pc/cc","40","NE2001","","","","","CRAFT","CRAFT","","CRAFT"," FRB 200627","","","1","1","","0","Other-","2020-06-27 19:23:41.644","Shannon","",""
"71560","FRB 20200616A","19:42:07.770","+16:12:32.53","FRB","","976.85","0.5","pc/cc","398.67","NE2001","","","","","PALFA","PALFA","","PALFA","","","","1","1","","0.166","Clear-","2020-06-16 06:31:13.480","Parent","",""
"64995","FRB 20200607A","13:41:30.650","-05:08:24.10","FRB","","466.9","","pc/cc","31","NE2001","","","","","FRBCAT","FRBCAT","","FRBCAT","FRB200607","","","1","1","","0","Other-","2020-06-07 10:37:21.700","FRBCAT_bot","",""
"64994","FRB 20200508A","09:01:32.390","-65:35:42.70","FRB","","629","","pc/cc","144.9","NE2001","","","","","FRBCAT","FRBCAT","","FRBCAT","FRB200508","","","1","1","","0","Other-","2020-05-08 07:42:09.500","FRBCAT_bot","",""
"58774","FRB 20200423A","01:58:00.634","+65:43:00.63","FRB","20180916B","349.8","","pc/cc","","NE2001","2020-04-23 20:11:19.680","","","","VLA-realfast","VLA-realfast","","VLA-realfast","TFST0001_TEST_R3_10ms_000.58962.831878599536.8.1_seg12-i424-dm44-dt0","","","1","1","","0.13","Other-","2020-04-23 20:11:19.680","Law","",""
"72787","FRB 20200405A","13:13:27.520","+36:35:37.00","FRB","","212.298","0.5","pc/cc","21.57","NE2001","","","","","VLITE-Fast","VLITE-Fast","","VLITE-Fast","","","","1","1","","0","Other-","2020-04-05 05:34:54.354","Bethapudi","",""
"65034","FRB 20200324C","01:58:00.750","+65:43:00.31","FRB","20180916B","349","","pc/cc","200","NE2001","","","","0.0337","FRBCAT","FRBCAT","","FRBCAT","FRB20180916B","","","1","1","","0","Other-","2020-03-24 09:31:23.901","FRBCAT_bot","",""
"65033","FRB 20200324B","01:58:00.750","+65:43:00.31","FRB","20180916B","349","","pc/cc","200","NE2001","","","","0.0337","FRBCAT","FRBCAT","","FRBCAT","FRB20180916B","","","1","1","","0","Other-","2020-03-24 08:28:40.842","FRBCAT_bot","",""
"56446","FRB 20200324A","01:39:04.800","+65:42:36.00","FRB","20180916B","346.14","3.23","pc/cc","104.32","NE2001","","","","","CHIMEFRB","CHIMEFRB","","CHIMEFRB","78294947","","","1","1","2020-03-27","","","2020-03-24 21:35:53.719","CHIME_FRB_bot","",""
"65032","FRB 20200323B","01:58:00.750","+65:43:00.31","FRB","20180916B","349","","pc/cc","200","NE2001","","","","0.0337","FRBCAT","FRBCAT","","FRBCAT","FRB20180916B","","","1","1","","0","Other-","2020-03-23 10:53:34.901","FRBCAT_bot","",""
"65030","FRB 20200323A","01:58:00.750","+65:43:00.31","FRB","20180916B","349","","pc/cc","200","NE2001","","","","0.0337","FRBCAT","FRBCAT","","FRBCAT","FRB20180916B","","","1","1","","0","Other-","2020-03-23 10:07:02.778","FRBCAT_bot","",""
"56445","FRB 20200314A","18:54:26.400","+46:58:12.00","FRB","20190208A","575.83","6.47","pc/cc","71.8","NE2001","","","","","CHIMEFRB","CHIMEFRB","","CHIMEFRB","77049697","","","1","1","2020-03-27","","","2020-03-14 15:22:41.274","CHIME_FRB_bot","",""
"56444","FRB 20200307A","08:09:28.800","+46:16:12.00","FRB","20190907A","308.94","1.62","pc/cc","53.34","NE2001","","","","","CHIMEFRB","CHIMEFRB","","CHIMEFRB","75987838","","","1","1","2020-03-27","","","2020-03-07 05:07:50.023","CHIME_FRB_bot","",""
"56443","FRB 20200302A","04:20:40.800","+73:37:48.00","FRB","20180814A","194.1","12.94","pc/cc","104.08","NE2001","","","","","CHIMEFRB","CHIMEFRB","","CHIMEFRB","75187874","","","1","1","2020-03-27","","","2020-03-02 01:52:16.447","CHIME_FRB_bot","",""
"56442","FRB 20200224A","03:54:38.400","+73:37:48.00","FRB","20180814A","187.63","6.47","pc/cc","93.66","NE2001","","","","","CHIMEFRB","CHIMEFRB","","CHIMEFRB","74343857","","","1","1","2020-03-27","","","2020-02-24 01:47:54.332","CHIME_FRB_bot","",""
"56441","FRB 20200221A","02:15:02.400","+65:43:48.00","FRB","20180916B","342.91","6.47","pc/cc","190.95","NE2001","","","","","CHIMEFRB","CHIMEFRB","","CHIMEFRB","73909400","","","1","1","2020-03-27","","","2020-02-21 00:09:48.615","CHIME_FRB_bot","",""
"65029","FRB 20200220D","01:58:00.750","+65:43:00.31","FRB","20180916B","350.1","0.1","pc/cc","200","NE2001","","","","0.0337","FRBCAT","FRBCAT","","FRBCAT","FRB20180916B","","","1","1","","1.4","Other-","2020-02-20 13:48:53.200","FRBCAT_bot","",""
"65028","FRB 20200220C","01:58:00.750","+65:43:00.31","FRB","20180916B","349.4","0.1","pc/cc","200","NE2001","","","","0.0337","FRBCAT","FRBCAT","","FRBCAT","FRB20180916B","","","1","1","","1.5","Other-","2020-02-20 13:37:39.437","FRBCAT_bot","",""
"65027","FRB 20200220B","01:58:00.750","+65:43:00.31","FRB","20180916B","349.8","0.1","pc/cc","200","NE2001","","","","0.0337","FRBCAT","FRBCAT","","FRBCAT","FRB20180916B","","","1","1","","2.8","Other-","2020-02-20 13:28:25.983","FRBCAT_bot","",""
"56440","FRB 20200220A","01:59:24.000","+65:43:12.00","FRB","20180916B","352.61","3.23","pc/cc","198.04","NE2001","","","","","CHIMEFRB","CHIMEFRB","","CHIMEFRB","73726599","","","1","1","2020-03-27","","","2020-02-20 00:10:09.913","CHIME_FRB_bot","",""
"56439","FRB 20200219A","01:43:04.800","+65:42:36.00","FRB","20180916B","346.14","3.23","pc/cc","199.8","NE2001","","","","","CHIMEFRB","CHIMEFRB","","CHIMEFRB","73725034","","","1","1","2020-03-27","","","2020-02-19 23:53:36.995","CHIME_FRB_bot","",""
"56438","FRB 20200204E","02:07:55.200","+65:43:48.00","FRB","20180916B","347.76","1.62","pc/cc","193.22","NE2001","","","","","CHIMEFRB","CHIMEFRB","","CHIMEFRB","71785167","","","1","1","2020-03-27","","","2020-02-04 01:17:21.373","CHIME_FRB_bot","",""
"56437","FRB 20200204D","01:57:55.200","+65:43:48.00","FRB","20180916B","347.76","1.62","pc/cc","198.7","NE2001","","","","","CHIMEFRB","CHIMEFRB","","CHIMEFRB","71784833","","","1","1","2020-03-27","","","2020-02-04 01:03:26.182","CHIME_FRB_bot","",""
"56436","FRB 20200204C","01:58:33.600","+65:43:48.00","FRB","20180916B","351","1.62","pc/cc","104.32","NE2001","","","","","CHIMEFRB","CHIMEFRB","","CHIMEFRB","71784510","","","1","1","2020-03-27","","","2020-02-04 00:59:50.322","CHIME_FRB_bot","",""
"56435","FRB 20200204B","01:56:02.400","+65:43:48.00","FRB","20180916B","346.14","3.23","pc/cc","199.53","NE2001","","","","","CHIMEFRB","CHIMEFRB","","CHIMEFRB","71784400","","","1","1","2020-03-27","","","2020-02-04 00:57:31.674","CHIME_FRB_bot","",""
"56434","FRB 20200204A","01:26:33.600","+72:18:36.00","FRB","20180916B","370.41","1.62","pc/cc","135.6","NE2001","","","","","CHIMEFRB","CHIMEFRB","","CHIMEFRB","71780218","","","1","1","2020-03-27","","","2020-02-04 00:26:54.805","CHIME_FRB_bot","",""
"56433","FRB 20200203A","01:57:57.600","+65:43:48.00","FRB","20180916B","351","1.62","pc/cc","198.56","NE2001","","","","","CHIMEFRB","CHIMEFRB","","CHIMEFRB","71665813","","","1","1","2020-03-27","","","2020-02-03 01:07:23.100","CHIME_FRB_bot","",""
"64644","FRB 20200125A","14:36:31.580","+07:42:06.84","FRB","","179.47","0.05","pc/cc","25","NE2001","2020-01-25 12:15:19.610","","","","GBNCC","GBNCC","","GBNCC","","","","1","1","","0","Other-","2020-01-25 12:15:19.600","Parent","",""
"56432","FRB 20200124B","19:39:57.600","+59:24:00.00","FRB","20190417A","1378.11","6.47","pc/cc","78.36","NE2001","","","","","CHIMEFRB","CHIMEFRB","","CHIMEFRB","70381816","","","1","1","2020-03-27","","","2020-01-24 19:24:33.448","CHIME_FRB_bot","",""
"56431","FRB 20200124A","18:53:24.000","+46:57:36.00","FRB","20190208A","575.83","6.47","pc/cc","71.79","NE2001","","","","","CHIMEFRB","CHIMEFRB","","CHIMEFRB","70375108","","","1","1","2020-03-27","","","2020-01-24 18:42:58.257","CHIME_FRB_bot","",""
"56430","FRB 20200122G","10:36:45.600","+73:44:24.00","FRB","20181030A","101.9","1.62","pc/cc","40.61","NE2001","","","","","CHIMEFRB","CHIMEFRB","","CHIMEFRB","69978377","","","1","1","2020-03-27","","","2020-01-22 22:23:20.336","CHIME_FRB_bot","",""
"56429","FRB 20200122F","10:35:45.600","+73:44:24.00","FRB","20181030A","105.14","1.62","pc/cc","41.01","NE2001","","","","","CHIMEFRB","CHIMEFRB","","CHIMEFRB","69978272","","","1","1","2020-03-27","","","2020-01-22 22:22:21.385","CHIME_FRB_bot","",""
"56428","FRB 20200122E","10:11:33.600","+73:44:24.00","FRB","20181030A","106.75","3.23","pc/cc","40.61","NE2001","","","","","CHIMEFRB","CHIMEFRB","","CHIMEFRB","69975309","","","1","1","2020-03-27","","","2020-01-22 22:09:52.403","CHIME_FRB_bot","",""
"56427","FRB 20200122D","10:11:14.400","+73:44:24.00","FRB","20181030A","101.9","1.62","pc/cc","40.61","NE2001","","","","","CHIMEFRB","CHIMEFRB","","CHIMEFRB","69975256","","","1","1","2020-03-27","","","2020-01-22 22:09:30.870","CHIME_FRB_bot","",""
"56426","FRB 20200122C","10:32:50.400","+73:48:00.00","FRB","20181030A","106.75","3.23","pc/cc","40.61","NE2001","","","","","CHIMEFRB","CHIMEFRB","","CHIMEFRB","69848458","","","1","1","2020-03-27","","","2020-01-22 10:28:20.297","CHIME_FRB_bot","",""
"56425","FRB 20200122B","10:31:28.800","+73:48:00.00","FRB","20181030A","101.9","1.62","pc/cc","40.61","NE2001","","","","","CHIMEFRB","CHIMEFRB","","CHIMEFRB","69848452","","","1","1","2020-03-27","","","2020-01-22 10:27:00.443","CHIME_FRB_bot","",""
"56424","FRB 20200122A","10:30:50.400","+73:47:24.00","FRB","20181030A","101.9","1.62","pc/cc","40.61","NE2001","","","","","CHIMEFRB","CHIMEFRB","","CHIMEFRB","69841193","","","1","1","2020-03-27","","","2020-01-22 10:20:32.574","CHIME_FRB_bot","",""
"65025","FRB 20200120D","01:58:00.750","+65:43:00.31","FRB","20180916B","348.8","0.2","pc/cc","200","NE2001","","","","0.0337","FRBCAT","FRBCAT","","FRBCAT","FRB20180916B","","","1","1","","0.98","Other-","2020-01-20 02:04:59.206","FRBCAT_bot","",""
"65024","FRB 20200120C","01:58:00.750","+65:43:00.31","FRB","20180916B","348.7","0.2","pc/cc","200","NE2001","","","","0.0337","FRBCAT","FRBCAT","","FRBCAT","FRB20180916B","","","1","1","","1.3","Other-","2020-01-20 02:01:51.075","FRBCAT_bot","",""
"65023","FRB 20200120B","01:58:00.750","+65:43:00.31","FRB","20180916B","348.9","0.1","pc/cc","200","NE2001","","","","0.0337","FRBCAT","FRBCAT","","FRBCAT","FRB20180916B","","","1","1","","2.28","Other-","2020-01-20 01:58:23.326","FRBCAT_bot","",""
"56423","FRB 20200120A","01:44:45.600","+65:43:48.00","FRB","20180916B","346.14","3.23","pc/cc","199.8","NE2001","","","","","CHIMEFRB","CHIMEFRB","","CHIMEFRB","69509443","","","1","1","2020-03-27","","","2020-01-20 01:49:14.069","CHIME_FRB_bot","",""
"56422","FRB 20200112A","13:51:07.200","+48:15:00.00","FRB","20190303A","223.21","3.23","pc/cc","29.36","NE2001","","","","","CHIMEFRB","CHIMEFRB","","CHIMEFRB","68602622","","","1","1","2020-03-27","","","2020-01-12 14:26:34.117","CHIME_FRB_bot","",""
"56421","FRB 20191231A","14:00:09.600","+48:15:00.00","FRB","20190303A","223.21","3.23","pc/cc","29.73","NE2001","","","","","CHIMEFRB","CHIMEFRB","","CHIMEFRB","66995325","","","1","1","2020-03-27","","","2019-12-31 15:17:49.519","CHIME_FRB_bot","",""
"64993","FRB 20191228A","22:56:60.000","-29:46:00.00","FRB","","297.9","0.5","pc/cc","33","NE2001","","","","","FRBCAT","FRBCAT","","FRBCAT","FRB191228","","","1","1","","0","Clear-","2019-12-28 09:16:16.444","FRBCAT_bot","",""
"64992","FRB 20191223B","20:34:14.140","-75:08:54.19","FRB","","665","","pc/cc","60","NE2001","","","","","FRBCAT","FRBCAT","","FRBCAT","FRB191223","","","1","1","","0","Other-","2019-12-23 04:55:31.200","FRBCAT_bot","",""
"56420","FRB 20191223A","22:12:50.400","+17:22:12.00","FRB","20190117A","394.67","6.47","pc/cc","47.03","NE2001","","","","","CHIMEFRB","CHIMEFRB","","CHIMEFRB","65982134","","","1","1","2020-03-27","","","2019-12-23 00:07:07.130","CHIME_FRB_bot","",""
"56419","FRB 20191220A","18:26:00.000","+81:24:00.00","FRB","20190212A","304.09","6.47","pc/cc","52.72","NE2001","","","","","CHIMEFRB","CHIMEFRB","","CHIMEFRB","65628049","","","1","1","2020-03-27","","","2019-12-20 08:37:39.792","CHIME_FRB_bot","",""
"65594","FRB 20191219F","15:05:09.600","+85:26:24.00","FRB","","464.22","1.62","pc/cc","49.39","NE2001","","","","","CHIMEFRB","CHIMEFRB","","CHIMEFRB","65547659","","","1","1","2020-08-31","","","2019-12-19 16:51:34.391","CHIME_FRB_bot","",""
"65022","FRB 20191219E","01:58:00.750","+65:43:00.31","FRB","20180916B","349.5","0.3","pc/cc","200","NE2001","","","","0.0337","FRBCAT","FRBCAT","","FRBCAT","FRB20180916B","","","1","1","","3.58","Other-","2019-12-19 04:13:19.334","FRBCAT_bot","",""
"65021","FRB 20191219D","01:58:00.750","+65:43:00.31","FRB","20180916B","348.8","0.4","pc/cc","200","NE2001","","","","0.0337","FRBCAT","FRBCAT","","FRBCAT","FRB20180916B","","","1","1","","1.09","Other-","2019-12-19 04:03:47.256","FRBCAT_bot","",""
"65020","FRB 20191219C","01:58:00.750","+65:43:00.31","FRB","20180916B","348.8","0.4","pc/cc","200","NE2001","","","","0.0337","FRBCAT","FRBCAT","","FRBCAT","FRB20180916B","","","1","1","","1.24","Other-","2019-12-19 04:03:47.195","FRBCAT_bot","",""
"56418","FRB 20191219B","01:57:07.200","+65:43:48.00","FRB","20180916B","351","1.62","pc/cc","198.62","NE2001","","","","","CHIMEFRB","CHIMEFRB","","CHIMEFRB","65511653","","","1","1","2020-03-27","","","2019-12-19 04:11:18.252","CHIME_FRB_bot","",""
"56417","FRB 20191219A","01:57:21.600","+65:43:48.00","FRB","20180916B","352.61","3.23","pc/cc","198.56","NE2001","","","","","CHIMEFRB","CHIMEFRB","","CHIMEFRB","65511496","","","1","1","2020-03-27","","","2019-12-19 04:07:38.822","CHIME_FRB_bot","",""
"56416","FRB 20191218A","01:59:14.400","+65:43:48.00","FRB","20180916B","355.85","6.47","pc/cc","198.19","NE2001","","","","","CHIMEFRB","CHIMEFRB","","CHIMEFRB","65395717","","","1","1","2020-03-27","","","2019-12-18 04:09:27.634","CHIME_FRB_bot","",""
"56415","FRB 20191217A","18:26:33.600","+81:24:36.00","FRB","20190212A","304.09","6.47","pc/cc","52.67","NE2001","","","","","CHIMEFRB","CHIMEFRB","","CHIMEFRB","65300794","","","1","1","2020-03-27","","","2019-12-17 08:38:55.859","CHIME_FRB_bot","",""
"56414","FRB 20191215A","13:53:02.400","+48:15:00.00","FRB","20190303A","223.21","3.23","pc/cc","29.37","NE2001","","","","","CHIMEFRB","CHIMEFRB","","CHIMEFRB","65049940","","","1","1","2020-03-27","","","2019-12-15 16:13:43.384","CHIME_FRB_bot","",""
"56413","FRB 20191205A","12:41:19.200","+65:07:48.00","FRB","20181119A","368.79","6.47","pc/cc","34.02","NE2001","","","","","CHIMEFRB","CHIMEFRB","","CHIMEFRB","63705597","","","1","1","2020-03-27","","","2019-12-05 15:44:15.106","CHIME_FRB_bot","",""
"56412","FRB 20191202A","12:25:52.800","+65:07:48.00","FRB","20181119A","375.26","12.94","pc/cc","34.19","NE2001","","","","","CHIMEFRB","CHIMEFRB","","CHIMEFRB","63563443","","","1","1","2020-03-27","","","2019-12-02 15:44:29.327","CHIME_FRB_bot","",""
"56411","FRB 20191117A","14:02:55.200","+48:15:00.00","FRB","20190303A","226.45","6.47","pc/cc","29.73","NE2001","","","","","CHIMEFRB","CHIMEFRB","","CHIMEFRB","62551744","","","1","1","2020-03-27","","","2019-11-17 18:18:31.470","CHIME_FRB_bot","",""
"56410","FRB 20191116A","13:52:40.800","+48:14:24.00","FRB","20190303A","221.6","1.62","pc/cc","29.37","NE2001","","","","","CHIMEFRB","CHIMEFRB","","CHIMEFRB","62352548","","","1","1","2020-03-27","","","2019-11-16 18:09:51.184","CHIME_FRB_bot","",""
"65019","FRB 20191115A","01:58:00.750","+65:43:00.31","FRB","20180916B","349.3","0.2","pc/cc","200","NE2001","","","","0.0337","FRBCAT","FRBCAT","","FRBCAT","FRB20180916B","","","1","1","","1.18","Other-","2019-11-15 06:12:05.991","FRBCAT_bot","",""
"56409","FRB 20191113A","13:43:26.400","+48:15:36.00","FRB","20190303A","226.45","6.47","pc/cc","29.14","NE2001","","","","","CHIMEFRB","CHIMEFRB","","CHIMEFRB","61749682","","","1","1","2020-03-27","","","2019-11-13 18:12:27.576","CHIME_FRB_bot","",""
"56408","FRB 20191111A","04:03:31.200","+73:37:48.00","FRB","20180814A","184.39","3.23","pc/cc","91.89","NE2001","","","","","CHIMEFRB","CHIMEFRB","","CHIMEFRB","61388607","","","1","1","2020-03-27","","","2019-11-11 08:55:15.505","CHIME_FRB_bot","",""
"56407","FRB 20191110A","13:52:16.800","+48:15:00.00","FRB","20190303A","226.45","6.47","pc/cc","29.36","NE2001","","","","","CHIMEFRB","CHIMEFRB","","CHIMEFRB","61303573","","","1","1","2020-03-27","","","2019-11-10 18:33:01.523","CHIME_FRB_bot","",""
"64991","FRB 20191108A","01:33:47.000","+31:51:30.00","FRB","","588.1","0.1","pc/cc","52","NE2001","","","","","FRBCAT","FRBCAT","","FRBCAT","FRB191108","","","1","1","","27","Other-","2019-11-08 19:48:50.471","FRBCAT_bot","",""
"64990","FRB 20191107B","08:01:57.077","-13:44:15.52","FRB","","714.25","","pc/cc","127.2","NE2001","","","","","FRBCAT","FRBCAT","","FRBCAT","FRB191107","","","1","1","","0","Other-","2019-11-07 18:55:36.700","FRBCAT_bot","",""
"56406","FRB 20191107A","04:23:24.000","+73:35:24.00","FRB","20180814A","194.1","12.94","pc/cc","103.35","NE2001","","","","","CHIMEFRB","CHIMEFRB","","CHIMEFRB","60954679","","","1","1","2020-03-27","","","2019-11-07 21:23:07.148","CHIME_FRB_bot","",""
"56405","FRB 20191030B","02:15:09.600","+65:44:24.00","FRB","20180916B","346.14","3.23","pc/cc","192.72","NE2001","","","","","CHIMEFRB","CHIMEFRB","","CHIMEFRB","60073678","","","1","1","2020-03-27","","","2019-10-30 07:41:52.756","CHIME_FRB_bot","",""
"56404","FRB 20191030A","01:59:14.400","+65:43:12.00","FRB","20180916B","346.14","3.23","pc/cc","198.04","NE2001","","","","","CHIMEFRB","CHIMEFRB","","CHIMEFRB","60073222","","","1","1","2020-03-27","","","2019-10-30 07:33:56.996","CHIME_FRB_bot","",""
"56403","FRB 20191029B","13:58:45.600","+48:15:36.00","FRB","20190303A","221.6","1.62","pc/cc","29.37","NE2001","","","","","CHIMEFRB","CHIMEFRB","","CHIMEFRB","60011290","","","1","1","2020-03-27","","","2019-10-29 19:24:06.307","CHIME_FRB_bot","",""
"56402","FRB 20191029A","04:05:12.000","+73:38:24.00","FRB","20180814A","190.86","3.23","pc/cc","91.89","NE2001","","","","","CHIMEFRB","CHIMEFRB","","CHIMEFRB","59993356","","","1","1","2020-03-27","","","2019-10-29 09:41:58.676","CHIME_FRB_bot","",""
"65593","FRB 20191021A","08:19:52.800","+46:24:00.00","FRB","","386.58","1.62","pc/cc","50.9","NE2001","","","","","CHIMEFRB","CHIMEFRB","","CHIMEFRB","59326425","","","1","1","2020-08-31","","","2019-10-21 14:18:08.617","CHIME_FRB_bot","",""
"56401","FRB 20191020A","13:45:28.800","+48:15:36.00","FRB","20190303A","221.6","1.62","pc/cc","29.14","NE2001","","","","","CHIMEFRB","CHIMEFRB","","CHIMEFRB","59240332","","","1","1","2020-03-27","","","2019-10-20 19:48:50.884","CHIME_FRB_bot","",""
"56400","FRB 20191018A","11:59:45.600","+85:57:36.00","FRB","20190212A","302.47","1.62","pc/cc","49.27","NE2001","","","","","CHIMEFRB","CHIMEFRB","","CHIMEFRB","58983056","","","1","1","2020-03-27","","","2019-10-18 18:33:33.306","CHIME_FRB_bot","",""
"56399","FRB 20191013A","14:00:38.400","+48:15:00.00","FRB","20190303A","226.45","6.47","pc/cc","29.73","NE2001","","","","","CHIMEFRB","CHIMEFRB","","CHIMEFRB","57637940","","","1","1","2020-03-27","","","2019-10-13 20:31:26.276","CHIME_FRB_bot","",""
"64989","FRB 20191001A","21:32:00.000","-54:40:00.00","FRB","","506.92","0.04","pc/cc","44","NE2001","","","","","FRBCAT","FRBCAT","","FRBCAT","FRB191001","","","1","1","","0","Clear-","2019-10-01 16:55:35.970","FRBCAT_bot","",""
"56398","FRB 20190929A","19:39:38.400","+59:23:24.00","FRB","20190417A","1381.34","3.23","pc/cc","78.38","NE2001","","","","","CHIMEFRB","CHIMEFRB","","CHIMEFRB","56545002","","","1","1","2020-03-27","","","2019-09-29 03:14:35.708","CHIME_FRB_bot","",""
"56397","FRB 20190926A","12:41:31.200","+65:07:48.00","FRB","20181119A","368.79","6.47","pc/cc","34.02","NE2001","","","","","CHIMEFRB","CHIMEFRB","","CHIMEFRB","56202568","","","1","1","2020-03-27","","","2019-09-26 20:19:28.748","CHIME_FRB_bot","",""
"56396","FRB 20190925A","08:08:40.800","+46:16:12.00","FRB","20190907A","307.32","3.23","pc/cc","53.34","NE2001","","","","","CHIMEFRB","CHIMEFRB","","CHIMEFRB","56023911","","","1","1","2020-03-27","","","2019-09-25 15:54:10.893","CHIME_FRB_bot","",""
"56395","FRB 20190915A","08:02:52.800","+46:16:12.00","FRB","20190907A","308.94","1.62","pc/cc","54.69","NE2001","","","","","CHIMEFRB","CHIMEFRB","","CHIMEFRB","54752563","","","1","1","2020-03-27","","","2019-09-15 16:27:41.304","CHIME_FRB_bot","",""
"56394","FRB 20190907A","08:08:50.400","+46:16:12.00","FRB","20190907A","307.32","3.23","pc/cc","53.34","NE2001","","","","","CHIMEFRB","CHIMEFRB","","CHIMEFRB","52839758","","","1","1","2020-03-27","","","2019-09-07 17:02:47.762","CHIME_FRB_bot","",""
"56393","FRB 20190825C","02:11:43.200","+65:43:48.00","FRB","20180916B","347.76","1.62","pc/cc","193.22","NE2001","","","","","CHIMEFRB","CHIMEFRB","","CHIMEFRB","51101285","","","1","1","2020-03-27","","","2019-08-25 11:53:44.856","CHIME_FRB_bot","",""
"56392","FRB 20190825B","01:57:52.800","+65:43:12.00","FRB","20180916B","346.14","3.23","pc/cc","198.56","NE2001","","","","","CHIMEFRB","CHIMEFRB","","CHIMEFRB","51101217","","","1","1","2020-03-27","","","2019-08-25 11:52:03.013","CHIME_FRB_bot","",""
"56391","FRB 20190825A","01:58:28.800","+65:43:48.00","FRB","20180916B","347.76","1.62","pc/cc","104.32","NE2001","","","","","CHIMEFRB","CHIMEFRB","","CHIMEFRB","51101068","","","1","1","2020-03-27","","","2019-08-25 11:48:27.641","CHIME_FRB_bot","",""
"56390","FRB 20190824A","22:07:09.600","+17:22:48.00","FRB","20190117A","397.9","3.23","pc/cc","48.23","NE2001","","","","","CHIMEFRB","CHIMEFRB","","CHIMEFRB","50909512","","","1","1","2020-03-27","","","2019-08-24 07:59:01.574","CHIME_FRB_bot","",""
"56389","FRB 20190817A","04:21:52.800","+73:39:00.00","FRB","20180814A","187.63","6.47","pc/cc","104.66","NE2001","","","","","CHIMEFRB","CHIMEFRB","","CHIMEFRB","49511551","","","1","1","2020-03-27","","","2019-08-17 14:39:57.813","CHIME_FRB_bot","",""
"56388","FRB 20190815A","22:06:38.400","+17:22:12.00","FRB","20190117A","397.9","3.23","pc/cc","48.36","NE2001","","","","","CHIMEFRB","CHIMEFRB","","CHIMEFRB","49083177","","","1","1","2020-03-27","","","2019-08-15 08:33:52.297","CHIME_FRB_bot","",""
"56387","FRB 20190810B","02:00:40.800","+65:43:48.00","FRB","20180916B","346.14","3.23","pc/cc","197.95","NE2001","","","","","CHIMEFRB","CHIMEFRB","","CHIMEFRB","47583802","","","1","1","2020-03-27","","","2019-08-10 12:49:43.517","CHIME_FRB_bot","",""
"56386","FRB 20190810A","22:07:14.400","+17:22:12.00","FRB","20190117A","397.9","3.23","pc/cc","48.22","NE2001","","","","","CHIMEFRB","CHIMEFRB","","CHIMEFRB","47566210","","","1","1","2020-03-27","","","2019-08-10 08:52:29.727","CHIME_FRB_bot","",""
"56385","FRB 20190809A","01:57:50.400","+65:43:48.00","FRB","20180916B","352.61","3.23","pc/cc","198.56","NE2001","","","","","CHIMEFRB","CHIMEFRB","","CHIMEFRB","47313912","","","1","1","2020-03-27","","","2019-08-09 12:50:49.264","CHIME_FRB_bot","",""
"56384","FRB 20190806A","19:39:43.200","+59:24:00.00","FRB","20190417A","1384.58","12.94","pc/cc","77.98","NE2001","","","","","CHIMEFRB","CHIMEFRB","","CHIMEFRB","46802190","","","1","1","2020-03-27","","","2019-08-06 06:37:09.569","CHIME_FRB_bot","",""
"65835","FRB 20190804A","21:57:40.000","-80:21:28.00","FRB","20190711A","587.4","2","pc/cc","","NE2001","","","","","CRAFT","CRAFT","","CRAFT","FRB190711_r1","","","1","1","2020-10-10","","","2019-08-04 19:54:29.926","Shannon","",""
"56383","FRB 20190718A","13:00:40.800","+74:13:12.00","FRB","20180908A","194.1","12.94","pc/cc","38.31","NE2001","","","","","CHIMEFRB","CHIMEFRB","","CHIMEFRB","44805743","","","1","1","2020-03-27","","","2019-07-18 01:11:22.875","CHIME_FRB_bot","",""
"64988","FRB 20190714A","12:15:54.000","-13:00:00.00","FRB","","504","2","pc/cc","39","NE2001","","","","","FRBCAT","FRBCAT","","FRBCAT","FRB190714","","","1","1","","0","Clear-","2019-07-14 05:37:12.900","FRBCAT_bot","",""
"64987","FRB 20190711A","21:57:40.680","-80:21:28.80","FRB","20190711A","593.1","0.4","pc/cc","56.6","NE2001","","","","","FRBCAT","FRBCAT","","FRBCAT","FRB190711","","","1","1","","0","Clear-","2019-07-11 01:53:40.861","FRBCAT_bot","",""
"56382","FRB 20190702B","13:52:36.000","+48:15:00.00","FRB","20190303A","223.21","3.23","pc/cc","29.36","NE2001","","","","","CHIMEFRB","CHIMEFRB","","CHIMEFRB","43265588","","","1","1","2020-03-27","","","2019-07-02 03:14:42.990","CHIME_FRB_bot","",""
"56381","FRB 20190702A","12:32:26.400","+74:13:12.00","FRB","20180908A","195.72","1.62","pc/cc","38.42","NE2001","","","","","CHIMEFRB","CHIMEFRB","","CHIMEFRB","43263682","","","1","1","2020-03-27","","","2019-07-02 01:58:14.678","CHIME_FRB_bot","",""
"55124","FRB 20190630A","22:06:38.400","+17:22:12.00","FRB","20190117A","401.14","12.94","pc/cc","48.22","NE2001","","","","","CHIMEFRB","CHIMEFRB","","CHIMEFRB","43055069","","","1","1","2020-03-27","","","2019-06-30 11:34:44.523","CHIME_FRB_bot","",""
"56380","FRB 20190626A","04:49:38.400","+73:39:36.00","FRB","20180814A","194.1","12.94","pc/cc","82.69","NE2001","","","","","CHIMEFRB","CHIMEFRB","","CHIMEFRB","42545361","","","1","1","2020-03-27","","","2019-06-26 18:37:52.780","CHIME_FRB_bot","",""
"56379","FRB 20190625E","03:57:19.200","+73:38:24.00","FRB","20180814A","187.63","6.47","pc/cc","92.53","NE2001","","","","","CHIMEFRB","CHIMEFRB","","CHIMEFRB","42435604","","","1","1","2020-03-27","","","2019-06-25 17:43:46.767","CHIME_FRB_bot","",""
"55123","FRB 20190621A","12:05:55.200","+74:12:36.00","FRB","20180908A","197.33","3.23","pc/cc","38.84","NE2001","","","","","CHIMEFRB","CHIMEFRB","","CHIMEFRB","41866365","","","1","1","2020-03-27","","","2019-06-21 02:21:23.928","CHIME_FRB_bot","",""
"65018","FRB 20190619H","01:58:00.750","+65:43:00.31","FRB","20180916B","348.76","0.1","pc/cc","200","NE2001","","","","0.0337","FRBCAT","FRBCAT","","FRBCAT","FRB20180916B","","","1","1","","2.3","Other-","2019-06-19 06:41:03.082","FRBCAT_bot","",""
"65017","FRB 20190619G","01:58:00.750","+65:43:00.31","FRB","20180916B","348.76","0.1","pc/cc","200","NE2001","","","","0.0337","FRBCAT","FRBCAT","","FRBCAT","FRB20180916B","","","1","1","","0.5","Other-","2019-06-19 03:31:05.976","FRBCAT_bot","",""
"65016","FRB 20190619F","01:58:00.750","+65:43:00.31","FRB","20180916B","348.76","0.1","pc/cc","200","NE2001","","","","0.0337","FRBCAT","FRBCAT","","FRBCAT","FRB20180916B","","","1","1","","0.66","Other-","2019-06-19 02:40:12.635","FRBCAT_bot","",""
"65015","FRB 20190619E","01:58:00.750","+65:43:00.31","FRB","20180916B","348.76","0.1","pc/cc","200","NE2001","","","","0.0337","FRBCAT","FRBCAT","","FRBCAT","FRB20180916B","","","1","1","","0.74","Other-","2019-06-19 02:18:26.206","FRBCAT_bot","",""
"60777","FRB 20190614D","04:20:18.125","+73:42:24.26","FRB","","959.2","5","pc/cc","83.5","NE2001","2019-06-14 01:13:02.010","","","","VLA-realfast","VLA-realfast","","VLA-realfast","19A-331.sb36775590.eb36779715.58647.98210152778.46.1_seg99-i58-dm206-dt0","","","1","1","","124","Other-","2019-06-14 01:13:02.010","Law","",""
"64986","FRB 20190611B","21:22:58.910","-79:23:51.30","FRB","","321.4","0.2","pc/cc","57.83","NE2001","","","","0.378","FRBCAT","FRBCAT","","FRBCAT","FRB190611","","","1","1","","0","Clear-","2019-06-11 05:45:43.299","FRBCAT_bot","",""
"56378","FRB 20190611A","04:05:31.200","+73:38:24.00","FRB","20180814A","187.63","6.47","pc/cc","88.35","NE2001","","","","","CHIMEFRB","CHIMEFRB","","CHIMEFRB","41358073","","","1","1","2020-03-27","","","2019-06-11 18:52:42.513","CHIME_FRB_bot","",""
"64985","FRB 20190608B","22:16:04.750","-07:53:53.60","FRB","","338.7","0.5","pc/cc","37.2","NE2001","","","","0.1178","FRBCAT","FRBCAT","","FRBCAT","FRB190608","","","1","1","","0","Clear-","2019-06-08 22:48:12.883","FRBCAT_bot","",""
"55122","FRB 20190606A","14:35:36.000","+53:16:48.00","FRB","20190604A","551.57","1.62","pc/cc","31.65","NE2001","","","","","CHIMEFRB","CHIMEFRB","","CHIMEFRB","40949542","","","1","1","2020-03-27","","","2019-06-06 05:34:31.521","CHIME_FRB_bot","",""
"55121","FRB 20190605B","01:57:52.800","+65:43:48.00","FRB","20180916B","349.38","12.94","pc/cc","104.32","NE2001","","","","","CHIMEFRB","CHIMEFRB","","CHIMEFRB","40750656","","","1","1","2020-03-27","","","2019-06-05 17:02:31.036","CHIME_FRB_bot","",""
"55120","FRB 20190605A","01:43:31.200","+65:43:12.00","FRB","20180916B","352.61","3.23","pc/cc","93.51","NE2001","","","","","CHIMEFRB","CHIMEFRB","","CHIMEFRB","40750224","","","1","1","2020-03-27","","","2019-06-05 16:56:04.898","CHIME_FRB_bot","",""
"55884","FRB 20190604F","01:59:14.400","+65:43:48.00","FRB","20180916B","352.61","3.23","pc/cc","104.32","NE2001","","","","","CHIMEFRB","CHIMEFRB","","CHIMEFRB","40363754","","","1","1","2020-03-30","","","2019-06-04 17:11:39.872","CHIME_FRB_bot","",""
"55119","FRB 20190604B","02:07:14.400","+65:43:48.00","FRB","","347.76","1.62","pc/cc","104.32","NE2001","","","","","CHIMEFRB","CHIMEFRB","","CHIMEFRB","40363753","","","1","1","2020-03-27","","","2019-06-04 17:11:39.793","CHIME_FRB_bot","",""
"55118","FRB 20190604A","14:35:00.000","+53:16:48.00","FRB","20190604A","553.18","3.23","pc/cc","31.65","NE2001","","","","","CHIMEFRB","CHIMEFRB","","CHIMEFRB","40227427","","","1","1","2020-03-27","","","2019-06-04 05:49:57.229","CHIME_FRB_bot","",""
"55117","FRB 20190603A","01:56:52.800","+65:43:48.00","FRB","20180916B","347.76","1.62","pc/cc","104.32","NE2001","","","","","CHIMEFRB","CHIMEFRB","","CHIMEFRB","40163166","","","1","1","2020-03-27","","","2019-06-03 17:09:23.395","CHIME_FRB_bot","",""
"55868","FRB 20190527B","04:56:14.400","+63:22:48.00","FRB","20181128A","449.66","3.23","pc/cc","88.48","NE2001","","","","","CHIMEFRB","CHIMEFRB","","CHIMEFRB","39443954","","","1","1","2020-03-30","","","2019-05-27 20:39:41.689","CHIME_FRB_bot","",""
"64984","FRB 20190523A","13:48:15.600","+72:28:11.00","FRB","","760.8","0.6","pc/cc","37","NE2001","","","","0.66","FRBCAT","FRBCAT","","FRBCAT","FRB190523","","","1","1","","0","Other-","2019-05-23 06:05:55.815","FRBCAT_bot","",""
"55116","FRB 20190519C","01:59:21.600","+65:43:48.00","FRB","20180916B","346.14","3.23","pc/cc","104.32","NE2001","","","","","CHIMEFRB","CHIMEFRB","","CHIMEFRB","39278417","","","1","1","2020-03-27","","","2019-05-19 18:10:50.138","CHIME_FRB_bot","",""
"55115","FRB 20190519B","01:57:33.600","+65:44:24.00","FRB","20180916B","349.38","12.94","pc/cc","104.32","NE2001","","","","","CHIMEFRB","CHIMEFRB","","CHIMEFRB","39278375","","","1","1","2020-03-27","","","2019-05-19 18:09:01.516","CHIME_FRB_bot","",""
"55114","FRB 20190519A","01:42:60.000","+65:43:48.00","FRB","20180916B","351","1.62","pc/cc","93.51","NE2001","","","","","CHIMEFRB","CHIMEFRB","","CHIMEFRB","39275710","","","1","1","2020-03-27","","","2019-05-19 17:50:25.679","CHIME_FRB_bot","",""
"55113","FRB 20190518A","01:58:19.200","+65:43:48.00","FRB","20180916B","351","1.62","pc/cc","104.32","NE2001","","","","","CHIMEFRB","CHIMEFRB","","CHIMEFRB","39150325","","","1","1","2020-03-27","","","2019-05-18 18:13:42.635","CHIME_FRB_bot","",""
"55851","FRB 20190517B","04:19:48.000","+73:39:00.00","FRB","20180814A","187.63","6.47","pc/cc","105.7","NE2001","","","","","CHIMEFRB","CHIMEFRB","","CHIMEFRB","39054070","","","1","1","2020-03-27","","","2019-05-17 20:33:36.995","CHIME_FRB_bot","",""
"55112","FRB 20190516A","18:25:50.400","+81:25:12.00","FRB","20190212A","302.47","1.62","pc/cc","52.72","NE2001","","","","","CHIMEFRB","CHIMEFRB","","CHIMEFRB","38833513","","","1","1","2020-03-27","","","2019-05-16 10:35:47.282","CHIME_FRB_bot","",""
"55845","FRB 20190515C","02:07:00.000","+20:04:48.00","FRB","20190213A","653.47","6.47","pc/cc","43.05","NE2001","","","","","CHIMEFRB","CHIMEFRB","","CHIMEFRB","38776825","","","1","1","2020-03-31","","","2019-05-15 18:33:47.247","CHIME_FRB_bot","",""
"55111","FRB 20190421A","13:52:26.400","+48:15:00.00","FRB","20190303A","226.45","6.47","pc/cc","29.37","NE2001","","","","","CHIMEFRB","CHIMEFRB","","CHIMEFRB","37451017","","","1","1","2020-03-27","","","2019-04-21 08:00:10.506","CHIME_FRB_bot","",""
"55110","FRB 20190417A","19:38:52.800","+59:24:36.00","FRB","20190417A","1378.11","6.47","pc/cc","77.98","NE2001","","","","","CHIMEFRB","CHIMEFRB","","CHIMEFRB","37085135","","","1","1","2020-03-27","","","2019-04-17 13:56:04.718","CHIME_FRB_bot","",""
"55109","FRB 20190406A","18:54:38.400","+46:58:12.00","FRB","20190208A","580.68","1.62","pc/cc","71.79","NE2001","","","","","CHIMEFRB","CHIMEFRB","","CHIMEFRB","35638607","","","1","1","2020-03-27","","","2019-04-06 13:55:23.398","CHIME_FRB_bot","",""
"56377","FRB 20190329A","04:20:14.400","+73:38:24.00","FRB","20180814A","189.25","1.62","pc/cc","","NE2001","","","","","CHIMEFRB","CHIMEFRB","","CHIMEFRB","34837708","","","1","1","2020-03-27","","","2019-03-29 23:58:21.291","CHIME_FRB_bot","",""
"64983","FRB 20190322D","04:46:14.450","-66:55:27.80","FRB","","724.2","","pc/cc","47.1","NE2001","","","","","FRBCAT","FRBCAT","","FRBCAT","FRB190322","","","1","1","","0","Other-","2019-03-22 07:00:12.300","FRBCAT_bot","",""
"55108","FRB 20190313A","12:41:33.600","+65:07:48.00","FRB","20181119A","365.55","3.23","pc/cc","34","NE2001","","","","","CHIMEFRB","CHIMEFRB","","CHIMEFRB","33184804","","","1","1","2020-03-27","","","2019-03-13 09:21:46.707","CHIME_FRB_bot","",""
"55107","FRB 20190303A","13:52:19.200","+48:15:00.00","FRB","20190303A","223.21","3.23","pc/cc","29.36","NE2001","","","","","CHIMEFRB","CHIMEFRB","","CHIMEFRB","32329698","","","1","1","2020-03-27","","","2019-03-03 11:05:16.892","CHIME_FRB_bot","",""
"56376","FRB 20190302B","04:54:31.200","+62:58:48.00","FRB","20181128A","452.9","12.94","pc/cc","114.29","NE2001","","","","","CHIMEFRB","CHIMEFRB","","CHIMEFRB","32227968","","","1","1","2020-03-27","","","2019-03-02 02:19:57.108","CHIME_FRB_bot","",""
"55106","FRB 20190301A","20:36:50.400","+69:51:00.00","FRB","20190222A","460.99","1.62","pc/cc","81.65","NE2001","","","","","CHIMEFRB","CHIMEFRB","","CHIMEFRB","32158184","","","1","1","2020-03-27","","","2019-03-01 18:03:02.480","CHIME_FRB_bot","",""
"56375","FRB 20190224F","04:02:31.200","+73:38:24.00","FRB","20180814A","190.86","3.23","pc/cc","","NE2001","","","","","CHIMEFRB","CHIMEFRB","","CHIMEFRB","31626218","","","1","1","2020-03-27","","","2019-02-24 01:54:18.129","CHIME_FRB_bot","",""
"55105","FRB 20190222A","20:52:19.200","+69:39:00.00","FRB","20190222A","462.6","3.23","pc/cc","87.78","NE2001","","","","","CHIMEFRB","CHIMEFRB","","CHIMEFRB","31468495","","","1","1","2020-03-27","","","2019-02-22 18:46:01.370","CHIME_FRB_bot","",""
"55104","FRB 20190216A","17:04:57.600","+68:17:24.00","FRB","20181017A","1268.08","25.88","pc/cc","42.96","NE2001","","","","","CHIMEFRB","CHIMEFRB","","CHIMEFRB","30749404","","","1","1","2020-03-27","","","2019-02-16 15:26:58.022","CHIME_FRB_bot","",""
"55103","FRB 20190213B","18:24:07.200","+81:35:24.00","FRB","20190212A","302.47","1.62","pc/cc","52.67","NE2001","","","","","CHIMEFRB","CHIMEFRB","","CHIMEFRB","30465284","","","1","1","2020-03-27","","","2019-02-13 17:09:32.741","CHIME_FRB_bot","",""
"55102","FRB 20190213A","02:13:57.600","+20:04:48.00","FRB","20190213A","650.23","3.23","pc/cc","43.89","NE2001","","","","","CHIMEFRB","CHIMEFRB","","CHIMEFRB","30351693","","","1","1","2020-03-27","","","2019-02-13 00:42:26.688","CHIME_FRB_bot","",""
"55101","FRB 20190212A","17:39:28.800","+81:37:48.00","FRB","20190212A","300.85","3.23","pc/cc","50.34","NE2001","","","","","CHIMEFRB","CHIMEFRB","","CHIMEFRB","30292842","","","1","1","2020-03-27","","","2019-02-12 16:17:23.513","CHIME_FRB_bot","",""
"55100","FRB 20190210A","09:37:07.200","+77:40:12.00","FRB","20190209A","420.55","6.47","pc/cc","45.69","NE2001","","","","","CHIMEFRB","CHIMEFRB","","CHIMEFRB","30112019","","","1","1","2020-03-27","","","2019-02-10 08:17:13.963","CHIME_FRB_bot","",""
"55099","FRB 20190209A","09:36:16.800","+77:40:12.00","FRB","20190209A","423.78","3.23","pc/cc","45.73","NE2001","","","","","CHIMEFRB","CHIMEFRB","","CHIMEFRB","30015540","","","1","1","2020-03-27","","","2019-02-09 08:20:20.977","CHIME_FRB_bot","",""
"55098","FRB 20190208A","18:54:38.400","+46:58:12.00","FRB","20190208A","579.06","3.23","pc/cc","71.8","NE2001","","","","","CHIMEFRB","CHIMEFRB","","CHIMEFRB","29889091","","","1","1","2020-03-27","","","2019-02-08 17:41:50.656","CHIME_FRB_bot","",""
"55097","FRB 20190126A","01:45:04.800","+65:43:48.00","FRB","20180916B","351","1.62","pc/cc","199.73","NE2001","","","","","CHIMEFRB","CHIMEFRB","","CHIMEFRB","28293423","","","1","1","2020-03-27","","","2019-01-26 01:32:45.331","CHIME_FRB_bot","",""
"55096","FRB 20190117A","22:07:19.200","+17:22:48.00","FRB","20190117A","393.05","1.62","pc/cc","48.22","NE2001","","","","","CHIMEFRB","CHIMEFRB","","CHIMEFRB","27052203","","","1","1","2020-03-27","","","2019-01-17 22:18:32.121","CHIME_FRB_bot","",""
"55095","FRB 20190116B","12:49:50.400","+27:09:36.00","FRB","20190116A","441.58","1.62","pc/cc","19.89","NE2001","","","","","CHIMEFRB","CHIMEFRB","","CHIMEFRB","26804247","","","1","1","2020-03-27","","","2019-01-16 13:08:20.412","CHIME_FRB_bot","",""
"55094","FRB 20190116A","12:49:04.800","+27:09:36.00","FRB","20190116A","446.43","6.47","pc/cc","19.89","NE2001","","","","","CHIMEFRB","CHIMEFRB","","CHIMEFRB","26804245","","","1","1","2020-03-27","","","2019-01-16 13:07:33.840","CHIME_FRB_bot","",""
"55093","FRB 20190103A","12:31:50.400","+65:07:12.00","FRB","20181119A","365.55","3.23","pc/cc","34.19","NE2001","","","","","CHIMEFRB","CHIMEFRB","","CHIMEFRB","24648496","","","1","1","2020-03-27","","","2019-01-03 13:47:23.324","CHIME_FRB_bot","",""
"64982","FRB 20190102C","21:29:39.760","-79:28:32.50","FRB","","363.6","0.3","pc/cc","57.3","NE2001","","","","0.291","FRBCAT","FRBCAT","","FRBCAT","FRB190102","","","1","1","","0","Clear-","2019-01-02 05:38:43.491","FRBCAT_bot","",""
"64981","FRB 20181228D","06:09:23.640","-45:58:02.40","FRB","","354.2","0.9","pc/cc","58","NE2001","","","","","FRBCAT","FRBCAT","","FRBCAT","FRB181228","","","1","1","","19.23","Other-","2018-12-28 13:48:50.100","FRBCAT_bot","",""
"55092","FRB 20181226A","01:58:02.400","+65:44:24.00","FRB","20180916B","347.76","1.62","pc/cc","198.47","NE2001","","","","","CHIMEFRB","CHIMEFRB","","CHIMEFRB","23891929","","","1","1","2020-03-27","","","2018-12-26 03:43:30.129","CHIME_FRB_bot","",""
"55091","FRB 20181225A","01:59:33.600","+65:43:48.00","FRB","20180916B","346.14","3.23","pc/cc","197.95","NE2001","","","","","CHIMEFRB","CHIMEFRB","","CHIMEFRB","23789294","","","1","1","2020-03-27","","","2018-12-25 03:53:03.926","CHIME_FRB_bot","",""
"55090","FRB 20181223A","01:58:07.200","+65:44:24.00","FRB","20180916B","352.61","3.23","pc/cc","198.41","NE2001","","","","","CHIMEFRB","CHIMEFRB","","CHIMEFRB","23588210","","","1","1","2020-03-27","","","2018-12-23 03:51:28.927","CHIME_FRB_bot","",""
"55089","FRB 20181222A","01:58:12.000","+65:44:24.00","FRB","20180916B","349.38","12.94","pc/cc","198.41","NE2001","","","","","CHIMEFRB","CHIMEFRB","","CHIMEFRB","23491552","","","1","1","2020-03-27","","","2018-12-22 03:59:23.209","CHIME_FRB_bot","",""
"55088","FRB 20181219A","04:55:45.600","+63:23:24.00","FRB","20181128A","449.66","3.23","pc/cc","111.66","NE2001","","","","","CHIMEFRB","CHIMEFRB","","CHIMEFRB","23110229","","","1","1","2020-03-27","","","2018-12-19 07:04:41.690","CHIME_FRB_bot","",""
"76918","FRB 20181130B","00:39:07.850","+19:24:31.70","FRB","","1705.5","6.5","pc/cc","38.16","NE2001","","","","","","","","","FRB181130","","","1","1","","20.6","Other-","2018-11-30 00:00:00.000","niu","",""
"55595","FRB 20181128A","04:56:12.000","+63:23:24.00","FRB","20181128A","446.43","6.47","pc/cc","111.33","NE2001","","","","","CHIMEFRB","CHIMEFRB","","CHIMEFRB","21538821","","","1","1","2020-03-30","","","2018-11-28 08:27:41.736","CHIME_FRB_bot","",""
"64980","FRB 20181123B","05:06:06.760","+18:09:35.70","FRB","","1812","2","pc/cc","149.5","NE2001","","","","","FRBCAT","FRBCAT","","FRBCAT","FRB181123","","","1","1","","0.065","Other-","2018-11-23 17:49:09.127","FRBCAT_bot","",""
"55587","FRB 20181120C","04:21:55.200","+73:39:00.00","FRB","20180814A","190.86","3.23","pc/cc","87.93","NE2001","","","","","CHIMEFRB","CHIMEFRB","","CHIMEFRB","20899716","","","1","1","2020-03-31","","","2018-11-20 08:25:28.208","CHIME_FRB_bot","",""
"55586","FRB 20181120B","01:57:07.200","+65:44:24.00","FRB","20180916B","351","1.62","pc/cc","198.83","NE2001","","","","","CHIMEFRB","CHIMEFRB","","CHIMEFRB","20887865","","","1","1","2020-03-27","","","2018-11-20 05:56:06.202","CHIME_FRB_bot","",""
"55087","FRB 20181120A","01:45:00.000","+65:43:48.00","FRB","","351","1.62","pc/cc","199.66","NE2001","","","","","CHIMEFRB","CHIMEFRB","","CHIMEFRB","20887861","","","1","1","2020-03-27","","","2018-11-20 05:56:06.202","CHIME_FRB_bot","",""
"55086","FRB 20181119A","12:40:38.400","+65:07:48.00","FRB","20181119A","368.79","6.47","pc/cc","34.02","NE2001","","","","","CHIMEFRB","CHIMEFRB","","CHIMEFRB","20854062","","","1","1","2020-03-27","","","2018-11-19 16:49:03.194","CHIME_FRB_bot","",""
"76916","FRB 20181118D","07:56:41.870","+16:08:56.70","FRB","","1187.7","3.3","pc/cc","71.53","NE2001","","","","","","","","","FRB181118","","","1","1","","14.2","Other-","2018-11-18 00:00:00.000","niu","",""
"56374","FRB 20181118C","04:21:45.600","+73:37:48.00","FRB","20180814A","187.63","6.47","pc/cc","88.02","NE2001","","","","","CHIMEFRB","CHIMEFRB","","CHIMEFRB","20746490","","","1","1","2020-03-27","","","2018-11-18 08:44:49.691","CHIME_FRB_bot","",""
"64979","FRB 20181112A","21:49:23.630","-52:58:15.39","FRB","","589.27","0.03","pc/cc","102","Other","","","","0.4755","FRBCAT","FRBCAT","","FRBCAT","FRB181112","","","1","1","","0","Clear-","2018-11-12 17:31:15.483","FRBCAT_bot","",""
"55085","FRB 20181104B","01:57:07.200","+65:44:24.00","FRB","20180916B","342.91","6.47","pc/cc","198.83","NE2001","","","","","CHIMEFRB","CHIMEFRB","","CHIMEFRB","20425669","","","1","1","2020-03-27","","","2018-11-04 07:07:01.595","CHIME_FRB_bot","",""
"55084","FRB 20181104A","01:43:19.200","+65:43:48.00","FRB","20180916B","347.76","1.62","pc/cc","199.8","NE2001","","","","","CHIMEFRB","CHIMEFRB","","CHIMEFRB","20425523","","","1","1","2020-03-27","","","2018-11-04 06:57:18.581","CHIME_FRB_bot","",""
"55083","FRB 20181030B","10:55:57.600","+73:44:24.00","FRB","20181030A","101.9","1.62","pc/cc","40.47","NE2001","","","","","CHIMEFRB","CHIMEFRB","","CHIMEFRB","19996675","","","1","1","2020-03-27","","","2018-10-30 04:16:21.644","CHIME_FRB_bot","",""
"55082","FRB 20181030A","10:52:48.000","+73:44:24.00","FRB","20181030A","101.9","1.62","pc/cc","40.61","NE2001","","","","","CHIMEFRB","CHIMEFRB","","CHIMEFRB","19996599","","","1","1","2020-03-27","","","2018-10-30 04:13:13.026","CHIME_FRB_bot","",""
"55081","FRB 20181028A","04:44:36.000","+73:39:36.00","FRB","20180814A","181.15","25.88","pc/cc","82.69","NE2001","","","","","CHIMEFRB","CHIMEFRB","","CHIMEFRB","19815274","","","1","1","2020-03-27","","","2018-10-28 10:12:34.524","CHIME_FRB_bot","",""
"55080","FRB 20181019A","02:08:36.000","+65:44:24.00","FRB","20180916B","346.14","3.23","pc/cc","193.22","NE2001","","","","","CHIMEFRB","CHIMEFRB","","CHIMEFRB","18685272","","","1","1","2020-03-27","","","2018-10-19 08:13:22.751","CHIME_FRB_bot","",""
"76914","FRB 20181017D","00:36:29.800","+11:19:59.80","FRB","","1845.2","1","pc/cc","34.62","NE2001","","","","","","","","","FRB181017","","","1","1","","34.1","Other-","2018-10-17 00:00:00.000","niu","",""
"64978","FRB 20181017C","22:05:54.820","-08:50:34.22","FRB","","239.97","0.03","pc/cc","38","NE2001","","","","","FRBCAT","FRBCAT","","FRBCAT","FRB181017","","","1","1","","36.5","Other-","2018-10-17 10:24:37.400","FRBCAT_bot","",""
"55079","FRB 20181017A","17:04:31.200","+68:17:24.00","FRB","20181017A","1268.08","25.88","pc/cc","42.93","NE2001","","","","","CHIMEFRB","CHIMEFRB","","CHIMEFRB","18572783","","","1","1","2020-03-27","","","2018-10-17 23:26:11.860","CHIME_FRB_bot","",""
"64977","FRB 20181016A","15:46:20.840","-25:24:32.60","FRB","","1982.8","2.8","pc/cc","90","NE2001","","","","","FRBCAT","FRBCAT","","FRBCAT","FRB181016","","","1","1","","10.19","Other-","2018-10-16 04:16:56.300","FRBCAT_bot","",""
"64976","FRB 20180924B","21:44:25.255","-40:54:00.10","FRB","","361.42","0.06","pc/cc","40.5","NE2001","","","","0.3214","FRBCAT","FRBCAT","","FRBCAT","FRB180924","","","1","1","","12.3","Clear-","2018-09-24 16:23:12.626","FRBCAT_bot","",""
"64975","FRB 20180923B","15:10:55.400","-14:06:10.20","FRB","","548","3","pc/cc","46.6","NE2001","","","","","FRBCAT","FRBCAT","","FRBCAT","FRB180923","","","1","1","","0","BPSR-MB20","2018-09-23 04:03:38.060","FRBCAT_bot","",""
"55078","FRB 20180919A","04:23:14.400","+73:39:00.00","FRB","20180814A","190.86","3.23","pc/cc","87.7","NE2001","","","","","CHIMEFRB","CHIMEFRB","","CHIMEFRB","16180649","","","1","1","2020-03-27","","","2018-09-19 12:36:11.856","CHIME_FRB_bot","",""
"55077","FRB 20180917A","04:23:36.000","+73:36:00.00","FRB","20180814A","194.1","12.94","pc/cc","87.78","NE2001","","","","","CHIMEFRB","CHIMEFRB","","CHIMEFRB","15707968","","","1","1","2020-03-27","","","2018-09-17 00:46:38.163","CHIME_FRB_bot","",""
"55523","FRB 20180916B","01:56:40.800","+65:44:24.00","FRB","20180916B","347.76","1.62","pc/cc","198.97","NE2001","","","","","CHIMEFRB","CHIMEFRB","","CHIMEFRB","15372046","","","1","1","2020-03-27","","","2018-09-16 10:15:19.829","CHIME_FRB_bot","",""
"56373","FRB 20180911C","04:20:31.200","+73:39:00.00","FRB","20180814A","190.86","3.23","pc/cc","88.19","NE2001","","","","","CHIMEFRB","CHIMEFRB","","CHIMEFRB","13401643","","","1","1","2020-03-27","","","2018-09-11 12:59:16.478","CHIME_FRB_bot","",""
"55076","FRB 20180908A","12:13:14.400","+74:12:36.00","FRB","20180908A","195.72","1.62","pc/cc","38.84","NE2001","","","","","CHIMEFRB","CHIMEFRB","","CHIMEFRB","12806027","","","1","1","2020-03-27","","","2018-09-08 21:13:04.110","CHIME_FRB_bot","",""
"56457","FRB 20180817A","15:32:04.800","+42:12:00.00","FRB","","1002.85","6.47","pc/cc","27.59","NE2001","","","","","CHIMEFRB","CHIMEFRB","","CHIMEFRB","11121416","","","1","1","2020-03-27","","","2018-08-17 01:49:34.000","CHIME_FRB_bot","",""
"56456","FRB 20180814B","15:43:36.000","+74:37:48.00","FRB","","237.77","1.62","pc/cc","41.2","NE2001","","","","","CHIMEFRB","CHIMEFRB","","CHIMEFRB","10886879","","","1","1","2020-03-27","","","2018-08-14 14:20:17.000","CHIME_FRB_bot","",""
"56372","FRB 20180814A","04:21:28.800","+73:44:24.00","FRB","20180814A","190.86","3.23","pc/cc","87.75","NE2001","","","","","CHIMEFRB","CHIMEFRB","","CHIMEFRB","10889573","","","1","1","2020-03-27","","","2018-08-14 14:49:50.000","CHIME_FRB_bot","",""
"56455","FRB 20180812A","01:14:26.400","+80:22:48.00","FRB","","795.81","6.47","pc/cc","83.32","NE2001","","","","","CHIMEFRB","CHIMEFRB","","CHIMEFRB","10648497","","","1","1","2020-03-27","","","2018-08-12 11:45:44.000","CHIME_FRB_bot","",""
"56454","FRB 20180810B","12:01:28.800","+83:06:36.00","FRB","","169.84","1.62","pc/cc","46.73","NE2001","","","","","CHIMEFRB","CHIMEFRB","","CHIMEFRB","10366092","","","1","1","2020-03-27","","","2018-08-10 22:40:44.000","CHIME_FRB_bot","",""
"56453","FRB 20180810A","06:46:02.400","+34:51:36.00","FRB","","415.7","1.62","pc/cc","104.4","NE2001","","","","","CHIMEFRB","CHIMEFRB","","CHIMEFRB","10353713","","","1","1","2020-03-27","","","2018-08-10 17:29:00.000","CHIME_FRB_bot","",""
"56452","FRB 20180806A","15:03:45.600","+76:12:36.00","FRB","","739.2","1.62","pc/cc","40.91","NE2001","","","","","CHIMEFRB","CHIMEFRB","","CHIMEFRB","9976641","","","1","1","2020-03-27","","","2018-08-06 14:13:13.000","CHIME_FRB_bot","",""
"56451","FRB 20180801A","21:29:02.400","+72:43:12.00","FRB","","656.7","3.23","pc/cc","89.94","NE2001","","","","","CHIMEFRB","CHIMEFRB","","CHIMEFRB","9641579","","","1","1","2020-03-27","","","2018-08-01 08:47:24.000","CHIME_FRB_bot","",""
"56450","FRB 20180729B","05:59:12.000","+56:09:00.00","FRB","","318.65","1.62","pc/cc","94.95","NE2001","","","","","CHIMEFRB","CHIMEFRB","","CHIMEFRB","9564770","","","1","1","2020-03-27","","","2018-07-29 17:28:22.000","CHIME_FRB_bot","",""
"56449","FRB 20180729A","13:17:12.000","+55:04:12.00","FRB","","108.37","1.62","pc/cc","30.72","NE2001","","","","","CHIMEFRB","CHIMEFRB","","CHIMEFRB","9541535","","","1","1","2020-03-27","","","2018-07-29 00:48:20.000","CHIME_FRB_bot","",""
"56448","FRB 20180727A","13:10:31.200","+26:03:00.00","FRB","","642.15","1.62","pc/cc","21.33","NE2001","","","","","CHIMEFRB","CHIMEFRB","","CHIMEFRB","9461009","","","1","1","2020-03-27","","","2018-07-27 00:52:13.000","CHIME_FRB_bot","",""
"56447","FRB 20180725A","06:17:26.400","+66:34:48.00","FRB","","716.55","1.62","pc/cc","71.25","NE2001","","","","","CHIMEFRB","CHIMEFRB","","CHIMEFRB","9386707","","","1","1","2020-03-27","","","2018-07-25 17:59:43.000","CHIME_FRB_bot","",""
"64974","FRB 20180714A","17:46:12.000","-11:45:47.00","FRB","","1467.92","0.3","pc/cc","257","NE2001","","","","","FRBCAT","FRBCAT","","FRBCAT","FRB180714","","","1","1","","0.6","BPSR-MB20","2018-07-14 10:00:08.700","FRBCAT_bot","",""
"64973","FRB 20180528A","06:38:49.800","-49:53:59.00","FRB","","899.3","0.6","pc/cc","69","NE2001","","","","","FRBCAT","FRBCAT","","FRBCAT","FRB180528","","","1","1","","13.8","Other-","2018-05-28 04:24:00.900","FRBCAT_bot","",""
"64972","FRB 20180525A","14:39:60.000","-02:12:00.00","FRB","","388.1","0.3","pc/cc","31","NE2001","","","","","FRBCAT","FRBCAT","","FRBCAT","FRB180525","","","1","1","","78.9","Clear-","2018-05-25 15:19:06.515","FRBCAT_bot","",""
"64971","FRB 20180515A","23:13:12.000","-42:14:46.00","FRB","","355.2","0.5","pc/cc","0.5","NE2001","","","","","FRBCAT","FRBCAT","","FRBCAT","FRB180515","","","1","1","","24.2","Clear-","2018-05-15 21:57:26.485","FRBCAT_bot","",""
"64970","FRB 20180430A","06:50:60.000","-09:57:00.00","FRB","","264.1","0.5","pc/cc","165.44","NE2001","","","","","FRBCAT","FRBCAT","","FRBCAT","FRB180430","","","1","1","","147.5","Clear-","2018-04-30 09:59:58.700","FRBCAT_bot","",""
"64969","FRB 20180417A","12:24:56.000","+14:13:00.00","FRB","","474.8","","pc/cc","26.15","NE2001","","","","","FRBCAT","FRBCAT","","FRBCAT","FRB180417","","","1","1","","21.8","Clear-","2018-04-17 13:18:31.000","FRBCAT_bot","",""
"64968","FRB 20180324A","06:15:60.000","-34:46:60.00","FRB","","431","0.4","pc/cc","70","NE2001","","","","","FRBCAT","FRBCAT","","FRBCAT","FRB180324","","","1","1","","16.5","Clear-","2018-03-24 09:31:46.706","FRBCAT_bot","",""
"64967","FRB 20180321A","00:33:00.000","+42:01:48.00","FRB","","594","5","pc/cc","70","NE2001","","","","","FRBCAT","FRBCAT","","FRBCAT","FRB180321","","","1","1","","0.54","Clear-","2018-03-21 07:05:54.000","FRBCAT_bot","",""
"64966","FRB 20180315A","19:34:60.000","-26:49:60.00","FRB","","479","0.4","pc/cc","36","NE2001","","","","","FRBCAT","FRBCAT","","FRBCAT","FRB180315","","","1","1","","23.3","Clear-","2018-03-15 05:05:30.985","FRBCAT_bot","",""
"64965","FRB 20180311A","21:31:33.420","-57:44:26.70","FRB","","1570.9","0.5","pc/cc","45.2","NE2001","","","","","FRBCAT","FRBCAT","","FRBCAT","FRB180311","","","1","1","","0.15","BPSR-MB20","2018-03-11 04:11:54.800","FRBCAT_bot","",""
"64964","FRB 20180309A","21:24:43.800","-33:58:44.50","FRB","","263.42","0.01","pc/cc","44.69","NE2001","","","","","FRBCAT","FRBCAT","","FRBCAT","FRB180309","","","1","1","","27.6","BPSR-MB20","2018-03-09 02:49:32.990","FRBCAT_bot","",""
"64963","FRB 20180301A","06:12:43.400","+04:33:44.80","FRB","","522","5","pc/cc","155","NE2001","","","","","FRBCAT","FRBCAT","","FRBCAT","FRB180301","","","1","1","","1.2","BPSR-MB20","2018-03-01 07:34:19.760","FRBCAT_bot","",""
"64962","FRB 20180212A","14:20:60.000","-03:34:60.00","FRB","","167.5","0.5","pc/cc","33","NE2001","","","","","FRBCAT","FRBCAT","","FRBCAT","FRB180212","","","1","1","","53","Clear-","2018-02-12 23:45:04.399","FRBCAT_bot","",""
"64961","FRB 20180131A","21:49:54.000","-40:40:60.00","FRB","","657.7","0.5","pc/cc","40","NE2001","","","","","FRBCAT","FRBCAT","","FRBCAT","FRB180131","","","1","1","","22.2","Clear-","2018-01-31 05:45:04.320","FRBCAT_bot","",""
"64960","FRB 20180130A","21:52:12.000","-38:34:00.00","FRB","","343.5","0.4","pc/cc","39","NE2001","","","","","FRBCAT","FRBCAT","","FRBCAT","FRB180130","","","1","1","","23.1","Clear-","2018-01-30 04:55:29.993","FRBCAT_bot","",""
"64959","FRB 20180128B","22:22:00.000","-60:15:00.00","FRB","","495.9","0.7","pc/cc","40","NE2001","","","","","FRBCAT","FRBCAT","","FRBCAT","FRB180128.2","","","1","1","","28.7","Clear-","2018-01-28 04:53:26.796","FRBCAT_bot","",""
"64958","FRB 20180128A","13:56:00.000","-06:43:00.00","FRB","","441.4","0.2","pc/cc","32","NE2001","","","","","FRBCAT","FRBCAT","","FRBCAT","FRB180128.0","","","1","1","","17.5","Clear-","2018-01-28 00:59:38.617","FRBCAT_bot","",""
"64957","FRB 20180119A","03:29:18.000","-12:43:60.00","FRB","","402.7","0.7","pc/cc","36","NE2001","","","","","FRBCAT","FRBCAT","","FRBCAT","FRB180119","","","1","1","","40.7","Clear-","2018-01-19 12:24:30.747","FRBCAT_bot","",""
"64956","FRB 20180110A","21:52:60.000","-35:27:00.00","FRB","","715.7","0.2","pc/cc","38","NE2001","","","","","FRBCAT","FRBCAT","","FRBCAT","FRB180110","","","1","1","","128.1","Clear-","2018-01-10 07:34:34.959","FRBCAT_bot","",""
"64955","FRB 20171216A","03:28:00.000","-57:04:00.00","FRB","","203.1","0.5","pc/cc","37","NE2001","","","","","FRBCAT","FRBCAT","","FRBCAT","FRB171216","","","1","1","","21","Clear-","2017-12-16 17:59:10.822","FRBCAT_bot","",""
"64954","FRB 20171213A","03:38:60.000","-10:55:60.00","FRB","","158.6","0.2","pc/cc","36","NE2001","","","","","FRBCAT","FRBCAT","","FRBCAT","FRB171213","","","1","1","","88.6","Clear-","2017-12-13 14:22:40.467","FRBCAT_bot","",""
"64953","FRB 20171209A","15:50:25.000","-46:10:20.00","FRB","","1457.4","0.03","pc/cc","13","NE2001","","","","","FRBCAT","FRBCAT","","FRBCAT","FRB171209","","","1","1","","1.48","BPSR-MB20","2017-12-09 20:34:23.500","FRBCAT_bot","",""
"64952","FRB 20171116A","03:30:60.000","-17:13:60.00","FRB","","618.5","0.5","pc/cc","36","NE2001","","","","","FRBCAT","FRBCAT","","FRBCAT","FRB171116","","","1","1","","19.6","Clear-","2017-11-16 14:59:33.305","FRBCAT_bot","",""
"64951","FRB 20171020A","22:15:00.000","-19:40:00.00","FRB","","114.1","0.2","pc/cc","38","NE2001","","","","","FRBCAT","FRBCAT","","FRBCAT","FRB171020","","","1","1","","117.6","Clear-","2017-10-20 10:27:58.598","FRBCAT_bot","",""
"64950","FRB 20171019A","22:17:30.000","-08:40:00.00","FRB","","460.8","1.1","pc/cc","37","NE2001","","","","","FRBCAT","FRBCAT","","FRBCAT","FRB171019","","","1","1","","40.5","Clear-","2017-10-19 13:26:40.097","FRBCAT_bot","",""
"64949","FRB 20171004A","11:57:36.000","-11:54:00.00","FRB","","304","0.3","pc/cc","38","NE2001","","","","","FRBCAT","FRBCAT","","FRBCAT","FRB171004","","","1","1","","22","Clear-","2017-10-04 03:23:39.250","FRBCAT_bot","",""
"64948","FRB 20171003A","12:29:30.000","-14:07:00.00","FRB","","463.2","1.2","pc/cc","40","NE2001","","","","","FRBCAT","FRBCAT","","FRBCAT","FRB171003","","","1","1","","40.5","Clear-","2017-10-03 04:07:23.781","FRBCAT_bot","",""
"64947","FRB 20170922A","21:29:50.610","-07:59:40.49","FRB","","1111","1","pc/cc","45","NE2001","","","","","FRBCAT","FRBCAT","","FRBCAT","FRB170922","","","1","1","","5.19","Other-","2017-09-22 11:23:33.400","FRBCAT_bot","",""
"64946","FRB 20170906A","21:59:48.000","-19:57:00.00","FRB","","390.3","0.4","pc/cc","39","NE2001","","","","","FRBCAT","FRBCAT","","FRBCAT","FRB170906","","","1","1","","29.6","Clear-","2017-09-06 13:06:56.488","FRBCAT_bot","",""
"64944","FRB 20170827A","00:49:18.660","-65:33:02.30","FRB","","176.8","0.04","pc/cc","37","NE2001","","","","","FRBCAT","FRBCAT","","FRBCAT","FRB170827","","","1","1","","50.3","Other-","2017-08-27 16:20:18.000","FRBCAT_bot","",""
"65013","FRB 20170826A","05:31:58.700","+33:08:52.50","FRB","20121102A","565","5","pc/cc","188","NE2001","","","","0.19273","FRBCAT","FRBCAT","","FRBCAT","FRB121102","","","1","1","","0.38","Other-","2017-08-26 13:52:01.252","FRBCAT_bot","",""
"64943","FRB 20170712A","22:36:00.000","-60:57:00.00","FRB","","312.79","0.07","pc/cc","38","NE2001","","","","","FRBCAT","FRBCAT","","FRBCAT","FRB170712","","","1","1","","37.8","Clear-","2017-07-12 13:22:17.394","FRBCAT_bot","",""
"64942","FRB 20170707A","02:59:00.000","-57:16:00.00","FRB","","235.2","0.6","pc/cc","36","NE2001","","","","","FRBCAT","FRBCAT","","FRBCAT","FRB170707","","","1","1","","14.8","Clear-","2017-07-07 06:17:34.354","FRBCAT_bot","",""
"64941","FRB 20170606A","05:33:60.000","+41:45:00.00","FRB","","247","5","pc/cc","250","YMW16","","","","","FRBCAT","FRBCAT","","FRBCAT","FRB170606","","","1","1","","0.54","Clear-","2017-06-06 10:03:27.000","FRBCAT_bot","",""
"64940","FRB 20170428A","21:47:00.000","-41:51:00.00","FRB","","991.7","0.9","pc/cc","40","NE2001","","","","","FRBCAT","FRBCAT","","FRBCAT","FRB170428","","","1","1","","7.7","Clear-","2017-04-28 18:02:34.700","FRBCAT_bot","",""
"64939","FRB 20170416A","22:12:60.000","-55:01:60.00","FRB","","523.2","0.2","pc/cc","40","NE2001","","","","","FRBCAT","FRBCAT","","FRBCAT","FRB170416","","","1","1","","19.4","Clear-","2017-04-16 23:11:12.799","FRBCAT_bot","",""
"64938","FRB 20170107A","11:23:18.000","-05:00:00.00","FRB","","609.5","0.5","pc/cc","35","NE2001","","","","","FRBCAT","FRBCAT","","FRBCAT","FRB170107","","","1","1","","22.3","Clear-","2017-01-07 20:05:08.139","FRBCAT_bot","",""
"64937","FRB 20161202A","23:44:00.000","+40:48:00.00","FRB","","291","4","pc/cc","69.8","NE2001","","","","","FRBCAT","FRBCAT","","FRBCAT","FRB161202","","","1","1","","0.29","Clear-","2016-12-02 13:24:54.000","FRBCAT_bot","",""
"64936","FRB 20160920A","05:33:60.000","+41:45:00.00","FRB","","1767","4","pc/cc","250","YMW16","","","","","FRBCAT","FRBCAT","","FRBCAT","FRB160920","","","1","1","","0.22","Clear-","2016-09-20 03:05:43.000","FRBCAT_bot","",""
"65012","FRB 20160823A","05:31:58.700","+33:08:53.00","FRB","20121102A","567","2","pc/cc","188","NE2001","","","","0.19273","FRBCAT","FRBCAT","","FRBCAT","FRB121102","","","1","1","","0","Other-","2016-08-23 17:51:23.921","FRBCAT_bot","",""
"64935","FRB 20160608A","07:36:42.000","-40:47:52.00","FRB","","682","7","pc/cc","238.3","NE2001","","","","","FRBCAT","FRBCAT","","FRBCAT","FRB160608","","","1","1","","4.3","Other-","2016-06-08 03:53:01.088","FRBCAT_bot","",""
"64934","FRB 20160410A","08:41:25.000","+06:05:05.00","FRB","","278","3","pc/cc","57.7","NE2001","","","","","FRBCAT","FRBCAT","","FRBCAT","FRB160410","","","1","1","","7","Other-","2016-04-10 08:33:39.680","FRBCAT_bot","",""
"64933","FRB 20160317A","07:53:47.000","-29:36:31.00","FRB","","1165","11","pc/cc","319.6","NE2001","","","","","FRBCAT","FRBCAT","","FRBCAT","FRB160317","","","1","1","","3","Other-","2016-03-17 09:00:36.530","FRBCAT_bot","",""
"64932","FRB 20160206A","01:00:60.000","+41:37:48.00","FRB","","1262","5","pc/cc","69.1","NE2001","","","","","FRBCAT","FRBCAT","","FRBCAT","FRB160206","","","1","1","","0.26","Clear-","2016-02-06 10:26:50.000","FRBCAT_bot","",""
"64931","FRB 20160102A","22:38:49.000","-30:10:50.00","FRB","","2596.1","0.3","pc/cc","13","YMW16","","","","","FRBCAT","FRBCAT","","FRBCAT","FRB160102","","","1","1","","0.5","BPSR-MB20","2016-01-02 08:28:39.374","FRBCAT_bot","",""
"64930","FRB 20151230A","09:40:50.000","-03:27:05.00","FRB","","960.4","0.5","pc/cc","38","YMW16","","","","","FRBCAT","FRBCAT","","FRBCAT","FRB151230","","","1","1","","0.42","BPSR-MB20","2015-12-30 16:15:46.525","FRBCAT_bot","",""
"65011","FRB 20151208A","05:31:58.000","+33:08:04.00","FRB","20121102A","558.6","1.7","pc/cc","188","NE2001","","","","0.19273","FRBCAT","FRBCAT","","FRBCAT","FRB121102","","","1","1","","0.03","Other-","2015-12-08 04:54:40.262","FRBCAT_bot","",""
"64929","FRB 20151206A","19:21:25.000","-04:07:54.00","FRB","","1909.8","0.6","pc/cc","160","YMW16","","","","","FRBCAT","FRBCAT","","FRBCAT","FRB151206","","","1","1","","0.3","BPSR-MB20","2015-12-06 06:17:52.778","FRBCAT_bot","",""
"64928","FRB 20151125A","01:30:60.000","+30:58:48.00","FRB","","273","4","pc/cc","50.2","NE2001","","","","","FRBCAT","FRBCAT","","FRBCAT","FRB151125","","","1","1","","0.54","Clear-","2015-11-25 15:42:36.000","FRBCAT_bot","",""
"65010","FRB 20151119D","05:31:58.000","+33:08:04.00","FRB","20121102A","560","6.4","pc/cc","188","NE2001","","","","0.19273","FRBCAT","FRBCAT","","FRBCAT","FRB121102","","","1","1","","0.09","S-Band-GUPPI","2015-11-19 11:05:52.492","FRBCAT_bot","",""
"65009","FRB 20151119C","05:31:58.000","+33:08:04.00","FRB","20121102A","560","","pc/cc","188","NE2001","","","","0.19273","FRBCAT","FRBCAT","","FRBCAT","FRB121102","","","1","1","","0.02","S-Band-GUPPI","2015-11-19 10:58:56.234","FRBCAT_bot","",""
"65008","FRB 20151119B","05:31:58.000","+33:08:04.00","FRB","20121102A","568.8","6.6","pc/cc","188","NE2001","","","","0.19273","FRBCAT","FRBCAT","","FRBCAT","FRB121102","","","1","1","","0.04","S-Band-GUPPI","2015-11-19 10:51:34.957","FRBCAT_bot","",""
"65007","FRB 20151119A","05:31:58.000","+33:08:04.00","FRB","20121102A","565.1","5.2","pc/cc","188","NE2001","","","","0.19273","FRBCAT","FRBCAT","","FRBCAT","FRB121102","","","1","1","","0.06","S-Band-GUPPI","2015-11-19 10:44:40.524","FRBCAT_bot","",""
"65006","FRB 20151113A","05:31:58.000","+33:08:04.00","FRB","20121102A","559.9","7.1","pc/cc","188","NE2001","","","","0.19273","FRBCAT","FRBCAT","","FRBCAT","FRB121102","","","1","1","","0.04","S-Band-GUPPI","2015-11-13 08:32:42.375","FRBCAT_bot","",""
"64927","FRB 20151018A","05:20:60.000","+33:06:00.00","FRB","","570","5","pc/cc","275","NE2001","","","","","FRBCAT","FRBCAT","","FRBCAT","FRB151018","","","1","1","","1.4","Clear-","2015-10-18 01:05:48.000","FRBCAT_bot","",""
"64926","FRB 20150807A","22:42:31.000","-55:04:42.00","FRB","","266.5","0.1","pc/cc","36.9","NE2001","","","","","FRBCAT","FRBCAT","","FRBCAT","FRB150807","","","1","1","","128","BPSR-MB20","2015-08-07 17:53:55.830","FRBCAT_bot","",""
"64925","FRB 20150610A","10:44:26.000","-40:05:23.00","FRB","","1593.9","0.6","pc/cc","122","YMW16","","","","","FRBCAT","FRBCAT","","FRBCAT","FRB150610","","","1","1","","0.7","BPSR-MB20","2015-06-10 05:26:59.396","FRBCAT_bot","",""
"65005","FRB 20150602H","05:31:55.000","+33:08:13.00","FRB","20121102A","556.5","1.1","pc/cc","188","NE2001","","","","0.19273","FRBCAT","FRBCAT","","FRBCAT","FRB121102","","","1","1","","0.31","Other-","2015-06-02 17:57:32.020","FRBCAT_bot","",""
"65004","FRB 20150602G","05:31:55.000","+33:08:13.00","FRB","20121102A","558.7","4.9","pc/cc","188","NE2001","","","","0.19273","FRBCAT","FRBCAT","","FRBCAT","FRB121102","","","1","1","","0.05","Other-","2015-06-02 17:56:34.787","FRBCAT_bot","",""
"65003","FRB 20150602F","05:31:55.000","+33:08:13.00","FRB","20121102A","557.4","3.7","pc/cc","188","NE2001","","","","0.19273","FRBCAT","FRBCAT","","FRBCAT","FRB121102","","","1","1","","0.05","Other-","2015-06-02 17:53:45.528","FRBCAT_bot","",""
"65002","FRB 20150602E","05:31:55.000","+33:08:13.00","FRB","20121102A","556.5","3.7","pc/cc","188","NE2001","","","","0.19273","FRBCAT","FRBCAT","","FRBCAT","FRB121102","","","1","1","","0.14","Other-","2015-06-02 17:50:39.298","FRBCAT_bot","",""
"65001","FRB 20150602D","05:31:55.000","+33:08:13.00","FRB","20121102A","559","","pc/cc","188","NE2001","","","","0.19273","FRBCAT","FRBCAT","","FRBCAT","FRB121102","","","1","1","","0.02","Other-","2015-06-02 17:49:41.319","FRBCAT_bot","",""
"65000","FRB 20150602C","05:31:55.000","+33:08:13.00","FRB","20121102A","559","10","pc/cc","188","NE2001","","","","0.19273","FRBCAT","FRBCAT","","FRBCAT","FRB121102","","","1","1","","0.02","Other-","2015-06-02 17:49:18.627","FRBCAT_bot","",""
"64999","FRB 20150602B","05:32:01.000","+33:07:53.00","FRB","20121102A","558","10","pc/cc","188","NE2001","","","","0.19273","FRBCAT","FRBCAT","","FRBCAT","FRB121102","","","1","1","","0.02","Other-","2015-06-02 16:47:36.484","FRBCAT_bot","",""
"64998","FRB 20150602A","05:32:01.000","+33:07:53.00","FRB","20121102A","555","3","pc/cc","188","NE2001","","","","0.19273","FRBCAT","FRBCAT","","FRBCAT","FRB121102","","","1","1","","0.04","Other-","2015-06-02 16:38:07.575","FRBCAT_bot","",""
"64997","FRB 20150517B","05:32:01.000","+33:07:56.00","FRB","20121102A","566","10","pc/cc","188","NE2001","","","","0.19273","FRBCAT","FRBCAT","","FRBCAT","FRB121102","","","1","1","","0.03","Other-","2015-05-17 17:51:40.921","FRBCAT_bot","",""
"64996","FRB 20150517A","05:32:01.000","+33:07:56.00","FRB","20121102A","560","4","pc/cc","188","NE2001","","","","0.19273","FRBCAT","FRBCAT","","FRBCAT","FRB121102","","","1","1","","0.03","Other-","2015-05-17 17:42:08.712","FRBCAT_bot","",""
"64924","FRB 20150418A","07:16:35.000","-19:00:40.00","FRB","","776.2","0.5","pc/cc","188.5","NE2001","","","","","FRBCAT","FRBCAT","","FRBCAT","FRB150418","","","1","1","","2.2","BPSR-MB20","2015-04-18 04:29:06.657","FRBCAT_bot","",""
"64923","FRB 20150215A","18:17:27.000","-04:54:15.00","FRB","","1105.6","0.8","pc/cc","427.2","NE2001","","","","","FRBCAT","FRBCAT","","FRBCAT","FRB150215","","","1","1","","0.7","BPSR-MB20","2015-02-15 20:41:41.714","FRBCAT_bot","",""
"64922","FRB 20141216A","00:14:00.000","+41:38:24.00","FRB","","545","5","pc/cc","69.5","NE2001","","","","","FRBCAT","FRBCAT","","FRBCAT","FRB141216","","","1","1","","0.23","Clear-","2014-12-16 13:03:24.000","FRBCAT_bot","",""
"64921","FRB 20141113A","06:13:00.100","+18:47:11.20","FRB","","400.3","","pc/cc","188","NE2001","","","","","FRBCAT","FRBCAT","","FRBCAT","FRB141113","","","1","1","","0.039","Other-","2014-11-13 07:42:55.220","FRBCAT_bot","",""
"64920","FRB 20140514A","22:34:06.000","-12:18:46.00","FRB","","562.7","0.6","pc/cc","34.9","NE2001","","","","","FRBCAT","FRBCAT","","FRBCAT","FRB140514","","","1","1","","0.471","BPSR-MB20","2014-05-14 17:14:11.060","FRBCAT_bot","",""
"64919","FRB 20140212A","01:30:60.000","+30:32:24.00","FRB","","910","4","pc/cc","49.8","NE2001","","","","","FRBCAT","FRBCAT","","FRBCAT","FRB140212","","","1","1","","0.26","Clear-","2014-02-12 10:31:14.000","FRBCAT_bot","",""
"64918","FRB 20131104A","06:44:10.000","-51:16:40.00","FRB","","779","1","pc/cc","71.1","NE2001","","","","","FRBCAT","FRBCAT","","FRBCAT","FRB131104","","","1","1","","1.12","BPSR-MB20","2013-11-04 18:04:11.200","FRBCAT_bot","",""
"64917","FRB 20131030A","00:25:00.000","+39:58:48.00","FRB","","203","4","pc/cc","64.4","NE2001","","","","","FRBCAT","FRBCAT","","FRBCAT","FRB131030","","","1","1","","0.24","Clear-","2013-10-30 16:13:15.000","FRBCAT_bot","",""
"64916","FRB 20130729A","13:41:21.000","-05:59:43.00","FRB","","861","2","pc/cc","31","NE2001","","","","","FRBCAT","FRBCAT","","FRBCAT","FRB130729","","","1","1","","0.22","BPSR-MB20","2013-07-29 09:01:51.190","FRBCAT_bot","",""
"64915","FRB 20130628A","09:03:02.000","+03:26:16.00","FRB","","469.88","0.01","pc/cc","52.58","NE2001","","","","","FRBCAT","FRBCAT","","FRBCAT","FRB130628","","","1","1","","1.91","BPSR-MB20","2013-06-28 03:58:00.178","FRBCAT_bot","",""
"64914","FRB 20130626A","16:27:06.000","-07:27:48.00","FRB","","952.4","0.1","pc/cc","66.87","NE2001","","","","","FRBCAT","FRBCAT","","FRBCAT","FRB130626","","","1","1","","0.74","BPSR-MB20","2013-06-26 14:55:59.771","FRBCAT_bot","",""
"64913","FRB 20121102A","05:32:09.000","+33:05:13.00","FRB","20121102A","557","2","pc/cc","188","NE2001","","","","","FRBCAT","FRBCAT","","FRBCAT","FRB121102","","","1","1","","0.4","Other-","2012-11-02 06:35:53.244","FRBCAT_bot","",""
"64912","FRB 20121029A","00:12:00.000","+42:03:36.00","FRB","","732","5","pc/cc","71","NE2001","","","","","FRBCAT","FRBCAT","","FRBCAT","FRB121029","","","1","1","","0.34","Clear-","2012-10-29 16:06:26.000","FRBCAT_bot","",""
"64911","FRB 20121002A","18:14:47.000","-85:11:53.00","FRB","","1629.18","0.02","pc/cc","74.27","NE2001","","","","","FRBCAT","FRBCAT","","FRBCAT","FRB121002","","","1","1","","0.76","BPSR-MB20","2012-10-02 13:09:18.436","FRBCAT_bot","",""
"64910","FRB 20120127A","23:15:06.000","-18:25:38.00","FRB","","553.3","0.3","pc/cc","31.82","NE2001","","","","","FRBCAT","FRBCAT","","FRBCAT","FRB120127","","","1","1","","0.62","BPSR-MB20","2012-01-27 08:11:21.725","FRBCAT_bot","",""
"64909","FRB 20110703A","23:30:51.000","-02:52:24.00","FRB","","1103.6","0.7","pc/cc","32.33","NE2001","","","","","FRBCAT","FRBCAT","","FRBCAT","FRB110703","","","1","1","","0.45","BPSR-MB20","2011-07-03 18:59:40.607","FRBCAT_bot","",""
"64908","FRB 20110626A","21:03:43.000","-44:44:19.00","FRB","","723","0.3","pc/cc","47.46","NE2001","","","","","FRBCAT","FRBCAT","","FRBCAT","FRB110626","","","1","1","","0.63","BPSR-MB20","2011-06-26 21:33:17.477","FRBCAT_bot","",""
"64907","FRB 20110523A","21:45:12.000","-00:09:37.00","FRB","","623.3","0.06","pc/cc","43.52","NE2001","","","","","FRBCAT","FRBCAT","","FRBCAT","FRB110523","","","1","1","","0.6","800MHz-GUPPI","2011-05-23 15:06:19.700","FRBCAT_bot","",""
"64906","FRB 20110220A","22:34:38.000","-12:23:45.00","FRB","","944.38","0.05","pc/cc","34.77","NE2001","","","","","FRBCAT","FRBCAT","","FRBCAT","FRB110220","","","1","1","","1.11","BPSR-MB20","2011-02-20 01:55:48.096","FRBCAT_bot","",""
"64905","FRB 20110214A","01:21:17.000","-49:47:11.00","FRB","","168.9","0.5","pc/cc","31.1","NE2001","","","","","FRBCAT","FRBCAT","","FRBCAT","FRB110214","","","1","1","","27","BPSR-MB20","2011-02-14 07:14:10.353","FRBCAT_bot","",""
"64904","FRB 20090625A","03:07:47.000","-29:55:36.00","FRB","","899.55","0.01","pc/cc","31.69","NE2001","","","","","FRBCAT","FRBCAT","","FRBCAT","FRB090625","","","1","1","","1.15","BPSR-MB20","2009-06-25 21:53:51.379","FRBCAT_bot","",""
"64903","FRB 20010724A","01:18:06.000","-75:12:18.00","FRB","","375","3","pc/cc","44.58","NE2001","","","","","FRBCAT","FRBCAT","","FRBCAT","FRB010724","","","1","1","","30","AFB-MB20","2001-07-24 19:50:01.690","FRBCAT_bot","",""
"64902","FRB 20010621A","18:52:05.000","-08:29:35.00","FRB","","745","10","pc/cc","523","NE2001","","","","","FRBCAT","FRBCAT","","FRBCAT","FRB010621","","","1","1","","0.41","AFB-MB20","2001-06-21 13:02:11.299","FRBCAT_bot","",""
"64901","FRB 20010312A","05:26:54.900","-64:56:19.20","FRB","","1187","14","pc/cc","51","NE2001","","","","","FRBCAT","FRBCAT","","FRBCAT","FRB010312","","","1","1","","0.25","AFB-MB20","2001-03-12 11:06:47.980","FRBCAT_bot","",""
"64900","FRB 20010305A","04:57:19.500","-52:36:24.67","FRB","","350","5","pc/cc","36","NE2001","","","","","FRBCAT","FRBCAT","","FRBCAT","FRB010305","","","1","1","","4.2","AFB-MB20","2001-03-05 12:29:16.020","FRBCAT_bot","",""
"64899","FRB 20010125A","19:06:53.000","-40:37:14.00","FRB","","790.3","3","pc/cc","110","NE2001","","","","","FRBCAT","FRBCAT","","FRBCAT","FRB010125","","","1","1","","0.54","AFB-MB20","2001-01-25 00:29:15.790","FRBCAT_bot","",""